INSERT INTO `users`
VALUES ('4d56c673-e310-3c8e-885b-2874610c98a8', 'Mihai', '12345678'),
       ('94f44e01-b00c-3a4b-be2f-6219ac397c45', 'Loy', '12345678'),
       ('ce18cf83-4910-3357-acc7-07f3593b64c3', 'Candice', '12345678'),
       ('e15bffbd-aea0-3914-8a75-d013cf067061', 'Sasha', '12345678'),
       ('f64917ce-c206-328d-9978-3c5a7227a922', 'Florian', '12345678');

INSERT INTO `teams`
VALUES ('0279389b-fe43-35a6-b5cb-a04627339697', 'Renner-Bernhard',
        'harness sexy web-readiness'),
       ('04bb41c4-2d0c-3ed4-8bfc-2f0e8558e102', 'Hessel Group',
        'deploy mission-critical mindshare'),
       ('076e9afc-577c-395f-bf96-d718a3eea941', 'Beatty and Sons',
        'monetize collaborative interfaces'),
       ('352db0ca-960f-3b63-b30b-c664b8ada26c', 'Bashirian-Friesen',
        'evolve bleeding-edge infomediaries'),
       ('3a2b6e09-70a4-36fc-9bfa-900bcbfc8ba2', 'Boyer, Morissette and Roberts',
        'syndicate transparent portals'),
       ('7603cafd-311c-3ef6-b6d3-96c49d89f6a4', 'Bartoletti, Wiza and Adams',
        'grow mission-critical initiatives'),
       ('7c6d66f2-8180-32bc-a5c4-574998aa78a5', 'Langworth and Sons',
        'extend vertical web-readiness'),
       ('92c0bec9-025e-3d11-8b16-5f8a5258c315', 'Gorczany PLC',
        'implement rich e-services'),
       ('9ddbcc11-8c28-3fbe-aab0-1c0403f1998d', 'Beer-Wisozk',
        'brand out-of-the-box models'),
       ('c3322ece-231a-3c3f-965e-8de56e0ff79e', 'DuBuque-Zemlak',
        'integrate innovative convergence');

INSERT INTO `_member_of_`
VALUES ('4d56c673-e310-3c8e-885b-2874610c98a8',
        '0279389b-fe43-35a6-b5cb-a04627339697'),
       ('94f44e01-b00c-3a4b-be2f-6219ac397c45',
        '04bb41c4-2d0c-3ed4-8bfc-2f0e8558e102'),
       ('ce18cf83-4910-3357-acc7-07f3593b64c3',
        '076e9afc-577c-395f-bf96-d718a3eea941'),
       ('e15bffbd-aea0-3914-8a75-d013cf067061',
        '352db0ca-960f-3b63-b30b-c664b8ada26c'),
       ('f64917ce-c206-328d-9978-3c5a7227a922',
        '3a2b6e09-70a4-36fc-9bfa-900bcbfc8ba2'),
       ('4d56c673-e310-3c8e-885b-2874610c98a8',
        '7603cafd-311c-3ef6-b6d3-96c49d89f6a4'),
       ('94f44e01-b00c-3a4b-be2f-6219ac397c45',
        '7c6d66f2-8180-32bc-a5c4-574998aa78a5'),
       ('ce18cf83-4910-3357-acc7-07f3593b64c3',
        '92c0bec9-025e-3d11-8b16-5f8a5258c315'),
       ('e15bffbd-aea0-3914-8a75-d013cf067061',
        '9ddbcc11-8c28-3fbe-aab0-1c0403f1998d'),
       ('f64917ce-c206-328d-9978-3c5a7227a922',
        'c3322ece-231a-3c3f-965e-8de56e0ff79e'),
       ('4d56c673-e310-3c8e-885b-2874610c98a8',
        '0279389b-fe43-35a6-b5cb-a04627339697'),
       ('94f44e01-b00c-3a4b-be2f-6219ac397c45',
        '04bb41c4-2d0c-3ed4-8bfc-2f0e8558e102'),
       ('ce18cf83-4910-3357-acc7-07f3593b64c3',
        '076e9afc-577c-395f-bf96-d718a3eea941'),
       ('e15bffbd-aea0-3914-8a75-d013cf067061',
        '352db0ca-960f-3b63-b30b-c664b8ada26c'),
       ('f64917ce-c206-328d-9978-3c5a7227a922',
        '3a2b6e09-70a4-36fc-9bfa-900bcbfc8ba2'),
       ('4d56c673-e310-3c8e-885b-2874610c98a8',
        '7603cafd-311c-3ef6-b6d3-96c49d89f6a4'),
       ('94f44e01-b00c-3a4b-be2f-6219ac397c45',
        '7c6d66f2-8180-32bc-a5c4-574998aa78a5'),
       ('ce18cf83-4910-3357-acc7-07f3593b64c3',
        '92c0bec9-025e-3d11-8b16-5f8a5258c315'),
       ('e15bffbd-aea0-3914-8a75-d013cf067061',
        '9ddbcc11-8c28-3fbe-aab0-1c0403f1998d'),
       ('f64917ce-c206-328d-9978-3c5a7227a922',
        'c3322ece-231a-3c3f-965e-8de56e0ff79e'),
       ('4d56c673-e310-3c8e-885b-2874610c98a8',
        '0279389b-fe43-35a6-b5cb-a04627339697'),
       ('94f44e01-b00c-3a4b-be2f-6219ac397c45',
        '04bb41c4-2d0c-3ed4-8bfc-2f0e8558e102'),
       ('ce18cf83-4910-3357-acc7-07f3593b64c3',
        '076e9afc-577c-395f-bf96-d718a3eea941'),
       ('e15bffbd-aea0-3914-8a75-d013cf067061',
        '352db0ca-960f-3b63-b30b-c664b8ada26c'),
       ('f64917ce-c206-328d-9978-3c5a7227a922',
        '3a2b6e09-70a4-36fc-9bfa-900bcbfc8ba2'),
       ('4d56c673-e310-3c8e-885b-2874610c98a8',
        '7603cafd-311c-3ef6-b6d3-96c49d89f6a4'),
       ('94f44e01-b00c-3a4b-be2f-6219ac397c45',
        '7c6d66f2-8180-32bc-a5c4-574998aa78a5'),
       ('ce18cf83-4910-3357-acc7-07f3593b64c3',
        '92c0bec9-025e-3d11-8b16-5f8a5258c315'),
       ('e15bffbd-aea0-3914-8a75-d013cf067061',
        '9ddbcc11-8c28-3fbe-aab0-1c0403f1998d'),
       ('f64917ce-c206-328d-9978-3c5a7227a922',
        'c3322ece-231a-3c3f-965e-8de56e0ff79e');

INSERT INTO `projects`
VALUES ('089caacc-d13a-3c6b-8bff-1723b73ec9b6', 'harum',
        'Quas magnam id autem aut et eum eveniet. At tempore dolores dolorem quos aspernatur animi autem. Consequatur quis labore soluta neque veniam delectus. Quia numquam nihil natus et hic.',
        '3a2b6e09-70a4-36fc-9bfa-900bcbfc8ba2'),
       ('1e90540d-7f54-3de5-9682-8118e606301c', 'excepturi',
        'Qui repellendus qui voluptatem quia et quaerat dolor rerum. Reiciendis libero eos ad numquam pariatur. Aut vel amet voluptas velit et fugit.',
        '076e9afc-577c-395f-bf96-d718a3eea941'),
       ('221753b5-85d8-3965-8c0e-7acdf2737227', 'nulla',
        'Incidunt et ipsum rem et sequi tenetur. Repudiandae laudantium placeat et voluptatem voluptatem quia inventore. Quo sed voluptas autem expedita molestias nam. Aliquid et aut voluptas expedita voluptas.',
        '352db0ca-960f-3b63-b30b-c664b8ada26c'),
       ('2d42feef-40b1-3578-ae06-20720056c385', 'aut',
        'Aut dolor at impedit est illum sint quis. Ipsa eos reprehenderit voluptas labore optio aut nihil. Adipisci qui corrupti repellat sapiente eum. Laudantium qui eos est autem.',
        '9ddbcc11-8c28-3fbe-aab0-1c0403f1998d'),
       ('32eab7b3-4df5-377b-9923-3fba8682a461', 'a',
        'Natus ipsa totam molestiae earum voluptatem. Quasi et velit atque est pariatur ut. Ipsam in est earum magni quia ut. Commodi vel est dolorem temporibus. Vel dignissimos eius veniam ut doloribus.',
        '92c0bec9-025e-3d11-8b16-5f8a5258c315'),
       ('355726cc-5c07-32a7-ad76-531a66417895', 'veniam',
        'Inventore sed voluptatem delectus et ea exercitationem. Ut voluptates qui repellat dolorem aspernatur magni dignissimos. Amet sapiente eum dolore aut deleniti.',
        '3a2b6e09-70a4-36fc-9bfa-900bcbfc8ba2'),
       ('416a1e20-89bd-33d4-b3aa-b718a0ca3642', 'autem',
        'Similique pariatur et tempora non repellendus. Quis non est qui eos consectetur sunt harum. Consequatur porro tempore hic odio aut voluptas.',
        'c3322ece-231a-3c3f-965e-8de56e0ff79e'),
       ('4de9ac6d-474f-3f2c-98ba-6a99d0b8e675', 'unde',
        'Beatae aspernatur explicabo veniam optio. Est culpa nisi vitae ab. Exercitationem quam sapiente culpa ipsum dicta autem eum.',
        '9ddbcc11-8c28-3fbe-aab0-1c0403f1998d'),
       ('4e0113f2-154d-3318-9a07-bf8f2b551e76', 'id',
        'Nobis ipsa suscipit excepturi tempore ad. Consequatur rerum omnis magni voluptas minima. Unde ex molestiae dolor repellat. Deleniti et dolor reiciendis corporis molestiae consequatur.',
        '7c6d66f2-8180-32bc-a5c4-574998aa78a5'),
       ('5bae8f62-d1f6-38c1-ab34-50acd0c189ce', 'saepe',
        'Officiis minus quos repudiandae facilis. Et quia molestiae et ut. Repudiandae soluta officiis incidunt earum consectetur officiis excepturi. Facilis voluptas dolorem at error quia nihil vel.',
        '04bb41c4-2d0c-3ed4-8bfc-2f0e8558e102'),
       ('6c0bb60e-fd36-34fb-b3d5-9863789c22af', 'impedit',
        'Qui quis laborum ea placeat perspiciatis aut. Laborum qui dolor non dicta voluptate assumenda quia. Dolorem ut voluptatem quidem. Illum vero dolore laboriosam corporis sapiente corrupti minima.',
        '0279389b-fe43-35a6-b5cb-a04627339697'),
       ('72f27b0a-7fc3-3d72-a357-8f62b03f2f5e', 'maiores',
        'Modi odio cumque qui suscipit quibusdam. Aut optio enim facere eligendi quod amet quia. Et ipsum sint dolorum ad et incidunt facilis nihil. Error ab nam repellendus illo quia est enim.',
        '0279389b-fe43-35a6-b5cb-a04627339697'),
       ('7ac9d4fd-176b-3c51-85f2-b8e90f91eb31', 'non',
        'Quos temporibus iusto ab. Et quia fuga ut et illum aperiam est. Non est excepturi nobis.',
        '352db0ca-960f-3b63-b30b-c664b8ada26c'),
       ('868305f0-2176-33fa-a422-92fa1879b088', 'porro',
        'Velit facilis et nesciunt ipsam. Cupiditate sit adipisci nobis temporibus nam dolor sequi architecto. Incidunt qui omnis dicta quos qui. Voluptas pariatur tenetur dolore.',
        '7603cafd-311c-3ef6-b6d3-96c49d89f6a4'),
       ('91787c1a-c360-315f-8c46-61649d577982', 'neque',
        'Est et quos porro dicta nisi sunt. Itaque voluptas molestiae est facilis placeat tenetur sint cumque. Ullam qui distinctio labore provident.',
        '7c6d66f2-8180-32bc-a5c4-574998aa78a5'),
       ('94d9a06d-0ec3-3adf-9399-cdf25031a660', 'labore',
        'Enim commodi ipsum voluptatem quidem qui. Officiis ab reiciendis esse hic. Sunt ut et et praesentium aut quas. Quaerat quae aut illum labore.',
        'c3322ece-231a-3c3f-965e-8de56e0ff79e'),
       ('a994e2bc-2876-3f83-ab81-7f641be2d5fd', 'saepe',
        'Ut quibusdam et sunt alias consectetur fugiat libero. Dolores necessitatibus commodi laborum provident rerum. Architecto sed laudantium eius maxime id enim. Aliquid nesciunt soluta aut fuga placeat maxime. Aut in fugiat similique ipsa aliquam.',
        '352db0ca-960f-3b63-b30b-c664b8ada26c'),
       ('b9075cc2-cc61-35c7-9e9c-60016da4b9a6', 'velit',
        'Dolore ut illo tempora. Sunt ut enim libero odio. Et quia ut nihil ad.',
        '04bb41c4-2d0c-3ed4-8bfc-2f0e8558e102'),
       ('bd98c91b-33e2-327b-8903-54fe0aeeaf51', 'architecto',
        'Voluptas et quo sit eum placeat. Numquam sequi voluptas provident illum expedita voluptatem. Voluptatem consequuntur quas qui est harum.',
        '9ddbcc11-8c28-3fbe-aab0-1c0403f1998d'),
       ('c034290a-6de9-31bc-a5d9-3dc20c9635f2', 'nihil',
        'Tenetur vero aliquam debitis sit sunt. Aut eos expedita iste praesentium assumenda iste. Explicabo nostrum sit non qui. Aperiam expedita voluptas libero praesentium qui corrupti hic.',
        '7603cafd-311c-3ef6-b6d3-96c49d89f6a4'),
       ('c1b79fd0-4871-35e8-80be-5bc7a66ab3fc', 'quam',
        'Dolorem qui officia id pariatur maiores et sed. Ut est facilis ut magnam. Enim adipisci amet sequi tempora.',
        '7c6d66f2-8180-32bc-a5c4-574998aa78a5'),
       ('c4bdf4a5-466b-3680-8ae2-30646ae41540', 'doloremque',
        'Voluptatem repellat fugiat in ab dolores aut. Ea et atque consectetur animi et. Earum illum assumenda non quos. Nemo voluptates rerum rerum aut omnis ut placeat. Et sit voluptas vero ipsa dolores ut.',
        '04bb41c4-2d0c-3ed4-8bfc-2f0e8558e102'),
       ('d577400a-d899-3b24-9f02-6580006e3f35', 'tempore',
        'Omnis quia ut asperiores recusandae deserunt. Amet et facere quia sint officia quia unde. Ipsam rerum doloremque iusto harum rem ab. Fuga nulla expedita minus qui soluta fuga omnis.',
        '0279389b-fe43-35a6-b5cb-a04627339697'),
       ('df50ec7b-fc5a-323b-b7dc-a28330986ba6', 'aut',
        'Expedita ducimus sapiente expedita eum repudiandae. Provident repudiandae beatae beatae dolor cupiditate in. In nam doloremque sed aliquid ullam.',
        '92c0bec9-025e-3d11-8b16-5f8a5258c315'),
       ('e3e43acd-e93e-3e0a-ba72-2cbd37f3634e', 'autem',
        'Voluptas blanditiis unde id inventore laudantium. Perspiciatis culpa occaecati autem consectetur repellat iure nulla. Ab soluta magnam earum dicta quia iure. Et error aut distinctio magni vitae.',
        '7603cafd-311c-3ef6-b6d3-96c49d89f6a4'),
       ('e50cb52f-9804-3a24-bd9f-8f3582d4b35a', 'maxime',
        'Sint omnis non fuga nostrum. Sequi fuga praesentium sed earum provident totam. Corporis qui omnis praesentium libero sint iure vitae. Ad numquam similique officiis voluptatem.',
        'c3322ece-231a-3c3f-965e-8de56e0ff79e'),
       ('ecdaa678-f31c-3d35-bab3-fd6d89ed485b', 'cum',
        'Consequatur quaerat culpa fugiat. Labore sed ut fugiat aspernatur recusandae deleniti. Necessitatibus nostrum fugit in ut ratione.',
        '3a2b6e09-70a4-36fc-9bfa-900bcbfc8ba2'),
       ('f37e6faf-cfc3-37d3-88da-ec484acec988', 'porro',
        'Illo hic at non neque enim. Corporis quo ducimus eveniet iusto. Officiis quae corrupti commodi voluptates corporis distinctio.',
        '92c0bec9-025e-3d11-8b16-5f8a5258c315'),
       ('f4db3a3a-1f71-3600-88af-3d46f0056d16', 'est',
        'Culpa rerum optio aut esse quidem nemo. Ut doloribus voluptas ipsum et et aut. Sapiente quibusdam rerum non ipsam. Nulla ad eos officia consequatur veritatis aperiam soluta.',
        '076e9afc-577c-395f-bf96-d718a3eea941'),
       ('f63c088e-ed33-33d0-9fd2-6e7b88e6bbc2', 'dolores',
        'Est dolore provident quis reprehenderit dolorem architecto. Odio quae suscipit et velit reiciendis quae. Ullam est distinctio doloremque aut hic. Et id quia voluptatum ullam delectus.',
        '076e9afc-577c-395f-bf96-d718a3eea941');

INSERT INTO `tasks`
VALUES ('034c9f87-5b07-36e8-bfa4-bb9afca7e9d7', 'error',
        'Natus iste iure id sed officiis blanditiis. Modi consequatur delectus nobis omnis quo expedita nihil. Deleniti tenetur sed minima vel occaecati esse exercitationem.',
        'rem', '6c0bb60e-fd36-34fb-b3d5-9863789c22af'),
       ('0358e118-ac39-31b5-8cd0-efd9853e1d93', 'tenetur',
        'Excepturi et est accusamus odit non quo tempore. Nam deleniti laborum aut mollitia iusto et pariatur. Tempora non corporis aliquid eveniet vel est.',
        'fuga', 'f37e6faf-cfc3-37d3-88da-ec484acec988'),
       ('036f35ff-cf2e-34f9-8c04-d76b0067026a', 'minus',
        'Consectetur voluptas id fugit excepturi. Aliquam enim repudiandae inventore quibusdam. Aliquid aliquam error iure vitae error. Eaque mollitia quia quia voluptas in nihil.',
        'soluta', '6c0bb60e-fd36-34fb-b3d5-9863789c22af'),
       ('051e676c-8066-34fd-873f-3b8a65c62f25', 'voluptatibus',
        'Facilis eos et voluptate excepturi voluptatum et. Inventore eveniet enim doloribus et. Fugit velit fuga eum ad aperiam. Rerum omnis animi unde sapiente labore voluptatibus est.',
        'error', '355726cc-5c07-32a7-ad76-531a66417895'),
       ('07500900-f1ee-36f3-9c73-d1c95a23e8d7', 'omnis',
        'Vel est nulla quos ipsum ad. Dignissimos laudantium aliquam dolor. Est molestias quia modi nihil. Qui iusto ut iusto quibusdam rerum qui aspernatur. Est praesentium repellendus voluptatem sed eum quia porro.',
        'iusto', '868305f0-2176-33fa-a422-92fa1879b088'),
       ('0970d578-749a-33a2-ba49-b3fe88734882', 'qui',
        'Inventore corporis at veniam qui asperiores aut occaecati. Explicabo unde tenetur voluptas fugiat eveniet.',
        'illum', 'c4bdf4a5-466b-3680-8ae2-30646ae41540'),
       ('09c44393-90a4-35f3-bb1f-ada382282b98', 'quae',
        'Aliquid suscipit laudantium excepturi molestias quas. Veniam commodi aliquid quibusdam. Explicabo vel iusto vel cumque. Autem natus in iste quo laboriosam sit consequatur.',
        'dolorem', '4e0113f2-154d-3318-9a07-bf8f2b551e76'),
       ('0bb98d1f-934c-3186-a69e-585bd5ae3933', 'eaque',
        'Optio ipsa reiciendis voluptates possimus distinctio autem reprehenderit. Dolor enim id delectus et. Ipsa voluptatem et doloribus doloremque atque fuga qui.',
        'aut', '94d9a06d-0ec3-3adf-9399-cdf25031a660'),
       ('0d1d2993-bb79-3f90-b6f2-0796f416b3d0', 'qui',
        'Eos quod rem dignissimos sapiente qui. Eum in reprehenderit qui odit. Qui voluptatem accusamus labore reiciendis est.',
        'id', 'd577400a-d899-3b24-9f02-6580006e3f35'),
       ('0d2ac635-51f6-3160-8b56-1531c7b1d783', 'mollitia',
        'Facere velit libero sit maxime vel adipisci. Quia vitae assumenda et ea fuga qui. Adipisci temporibus vitae eaque nemo necessitatibus velit omnis.',
        'asperiores', '94d9a06d-0ec3-3adf-9399-cdf25031a660'),
       ('0e878a66-d547-3ccc-bb87-ad0d1809180f', 'aperiam',
        'Dolore recusandae vel sit. Dolor tempore molestias blanditiis velit eius. Modi quo et rerum quo expedita. Voluptatem reprehenderit temporibus dolore.',
        'porro', 'b9075cc2-cc61-35c7-9e9c-60016da4b9a6'),
       ('1050abd6-8d78-3df5-a90c-94cffb6bd88c', 'sed',
        'Unde eveniet fugiat molestiae ut amet. Temporibus quis quia esse neque reiciendis non. Architecto aperiam hic id explicabo dolore quibusdam. Sapiente nesciunt non itaque assumenda reprehenderit. Doloremque excepturi reprehenderit culpa voluptatem.',
        'iusto', 'f63c088e-ed33-33d0-9fd2-6e7b88e6bbc2'),
       ('106db8e4-c2f4-3c57-90c5-d8fc2616c6a9', 'laboriosam',
        'Assumenda aut non delectus ut ut velit. Et ipsa molestias ipsam ad inventore repellat doloribus. Illo ipsa voluptate tenetur modi fugiat et ratione dolore.',
        'alias', 'c1b79fd0-4871-35e8-80be-5bc7a66ab3fc'),
       ('1514e88f-338e-3229-9b5b-479404dfa4c3', 'laborum',
        'Iure ipsa ut ut rem et dolores. A iusto quod provident nulla et. Molestias quae ea iusto quibusdam sed. Provident eius natus voluptatem adipisci. Id eveniet iure reiciendis quasi dicta.',
        'aut', '089caacc-d13a-3c6b-8bff-1723b73ec9b6'),
       ('152daa74-c949-3fc3-9a0e-be5285674d09', 'ea',
        'Fuga dolorem maxime nisi quaerat exercitationem non. Voluptate consectetur nam ut. Cupiditate amet labore praesentium doloribus eum nisi dolor. Voluptatibus in qui amet placeat autem.',
        'ratione', '355726cc-5c07-32a7-ad76-531a66417895'),
       ('15660c8b-59e7-3ce3-922a-d824c58e6433', 'doloremque',
        'Beatae voluptatem officia et illo. Et quae eligendi omnis dignissimos aliquid suscipit. Quae tempore consequatur quidem non doloremque.',
        'laboriosam', 'a994e2bc-2876-3f83-ab81-7f641be2d5fd'),
       ('15893a47-0aec-3d7e-8bac-e4ca99a796b1', 'qui',
        'Quidem et est similique eos eum. Aliquam eos est odio sapiente illo magni. Dolores at aliquam molestiae neque magnam et dolor incidunt. Accusantium ut qui qui reprehenderit temporibus mollitia omnis.',
        'soluta', 'c4bdf4a5-466b-3680-8ae2-30646ae41540'),
       ('19fcdf1b-6d2a-36b8-9f11-2f6a10f8fa96', 'ea',
        'Quae voluptas autem corrupti et eaque sed. Nam a dolor eum vero assumenda. Temporibus cum sequi aut eius aperiam. Quibusdam ipsum esse vel et blanditiis quas.',
        'tempore', '5bae8f62-d1f6-38c1-ab34-50acd0c189ce'),
       ('1b63a633-7e95-330d-ac0a-fbab2d267da0', 'sit',
        'Officia quo ratione quas. Repellendus et laborum id at ut odio tenetur reiciendis.',
        'assumenda', '416a1e20-89bd-33d4-b3aa-b718a0ca3642'),
       ('1c69a043-6d97-362b-b2e5-25da0779043f', 'dolor',
        'Facere dolorem rerum hic quam. Non dolor dolorem dolorem molestiae. Praesentium nihil odio doloribus magni eveniet consequuntur.',
        'itaque', '1e90540d-7f54-3de5-9682-8118e606301c'),
       ('1c9ac3e5-f470-3943-a16b-3d79df47f903', 'beatae',
        'Corrupti eveniet quo nemo quis quam veniam repellat. Minus aut laudantium dolor qui. Inventore et reprehenderit occaecati ea.',
        'veritatis', '221753b5-85d8-3965-8c0e-7acdf2737227'),
       ('1d7189aa-31eb-39e5-8c41-94ad4e4184ad', 'qui',
        'Eveniet beatae voluptatibus praesentium optio quod. Nihil quas eius praesentium cupiditate ut velit. Et inventore vitae enim sint veritatis.',
        'accusantium', '32eab7b3-4df5-377b-9923-3fba8682a461'),
       ('200ddcc8-95dc-3725-9d57-992b2f14352b', 'ea',
        'Voluptas sequi rerum nobis et similique amet sint. Qui tempore voluptatibus aut esse. Aut qui officiis aut. Ut non ea qui ut dicta et dolor.',
        'quae', 'a994e2bc-2876-3f83-ab81-7f641be2d5fd'),
       ('204758c6-ccac-32a1-a28a-16ef150d895f', 'amet',
        'Voluptate et neque et voluptas tenetur. Minus recusandae qui soluta non molestiae. Ab cum neque dolores odio. Porro corporis quibusdam voluptas eius.',
        'in', '2d42feef-40b1-3578-ae06-20720056c385'),
       ('25634565-11b1-371b-9fd0-6d6b2e7d56aa', 'fugit',
        'Est sunt aut aut. Corporis eos aut tempora dolores consequatur ducimus veniam. Voluptas error nesciunt eius qui et officia. Corrupti perspiciatis ut veritatis est quae.',
        'non', '72f27b0a-7fc3-3d72-a357-8f62b03f2f5e'),
       ('2603c747-709d-3d6e-b108-c9a1ad6cf609', 'sit',
        'Corrupti consectetur iure itaque animi vel. Voluptatem enim tempore et laborum non. Porro sunt asperiores rerum tempora non inventore voluptas.',
        'corporis', '91787c1a-c360-315f-8c46-61649d577982'),
       ('260b0fed-b7fc-3a8d-9a83-6a90a1679445', 'deserunt',
        'Qui similique reprehenderit consequatur error. Harum doloremque doloremque deleniti voluptates. Quia veritatis minima qui non aut amet dolores omnis. Consequatur in facere sit quo dicta illum rem neque.',
        'aut', 'bd98c91b-33e2-327b-8903-54fe0aeeaf51'),
       ('2897f36f-0acd-3f3c-a62b-cfb2be3008e9', 'sunt',
        'Doloribus tenetur impedit et sint itaque. Qui odio quibusdam voluptate quis et et molestiae. Consectetur rerum quaerat ducimus a in.',
        'molestiae', '868305f0-2176-33fa-a422-92fa1879b088'),
       ('2af38b8e-9272-3845-8c1f-b6f075b6070f', 'eius',
        'Est ea quo consectetur nulla facilis. Voluptas voluptatem iure facilis quia ratione ipsa. Quam nesciunt voluptate fugiat eveniet. Non laboriosam esse optio fugiat non ipsam.',
        'fugit', 'df50ec7b-fc5a-323b-b7dc-a28330986ba6'),
       ('2d70e2b3-172f-3cbf-8bb0-007a6c3b01af', 'incidunt',
        'Perspiciatis unde deserunt aut facilis sed et voluptas. Doloribus autem facere voluptatem et. Enim omnis ut in eum enim dolorem.',
        'iusto', '91787c1a-c360-315f-8c46-61649d577982'),
       ('2e131d92-db47-31c4-a01f-1526934a327b', 'praesentium',
        'Consequatur dolorum aperiam veniam eos. Ullam qui sit vitae repellendus quas quos. Et quod reiciendis totam provident veniam eos. Voluptas earum vero eaque quia necessitatibus vitae dolorem minus.',
        'odio', '089caacc-d13a-3c6b-8bff-1723b73ec9b6'),
       ('3054c62d-fcff-3b77-a561-99db32e07123', 'asperiores',
        'Eum reiciendis quae blanditiis dolore dignissimos. Molestiae dolorem facilis itaque id odit aperiam. Ab iure cumque asperiores sequi nesciunt et.',
        'et', 'f4db3a3a-1f71-3600-88af-3d46f0056d16'),
       ('31c46323-f182-3778-9f97-01a9361d2302', 'natus',
        'Quibusdam ea harum praesentium sed est illo. Sunt quaerat et ullam officia veritatis et. Qui eveniet sunt nihil veniam. Totam beatae delectus facere quos sunt maiores porro. In praesentium aspernatur asperiores voluptatum tempora.',
        'voluptatem', 'e3e43acd-e93e-3e0a-ba72-2cbd37f3634e'),
       ('352eb387-54ae-3239-a3c1-7869e07aacc0', 'hic',
        'Sit veritatis quisquam id qui aut unde quidem est. Ipsam autem consequatur non architecto.',
        'ut', 'b9075cc2-cc61-35c7-9e9c-60016da4b9a6'),
       ('37ef5659-abb4-33f8-bcbf-4c2660188486', 'repellat',
        'Est est ex velit velit veniam libero explicabo fugit. Assumenda illo molestiae aliquam eum quae blanditiis accusantium facere. Cumque aspernatur aut nobis quis repudiandae quaerat.',
        'atque', 'bd98c91b-33e2-327b-8903-54fe0aeeaf51'),
       ('38c00a1d-52e9-3f8b-985d-5e76ae6006ad', 'atque',
        'Id a omnis et corporis id. Id provident qui sapiente vel nesciunt sapiente. Cumque repellat inventore maiores et.',
        'odit', '221753b5-85d8-3965-8c0e-7acdf2737227'),
       ('391351f3-af61-3872-9949-dd57d47b7555', 'praesentium',
        'Non commodi aut autem quas. Sapiente ea dolores omnis vitae consequuntur. Sed laudantium qui debitis dicta.',
        'enim', 'e3e43acd-e93e-3e0a-ba72-2cbd37f3634e'),
       ('3dadfb39-6497-349d-8731-665e627ca63e', 'odit',
        'Quo aut ea labore et quasi. Qui necessitatibus sapiente aut molestiae. Nihil aut praesentium similique aperiam molestiae deserunt suscipit. Enim est reprehenderit repellat aperiam sunt impedit rerum.',
        'fuga', '7ac9d4fd-176b-3c51-85f2-b8e90f91eb31'),
       ('3e0bb9e0-0799-352b-8a5a-d5b777208bc5', 'ducimus',
        'Et quod distinctio blanditiis minus magnam id commodi ex. Eligendi culpa et natus. Quam iste dicta est ut quia nobis omnis necessitatibus. Tempore voluptas quos et debitis.',
        'et', 'd577400a-d899-3b24-9f02-6580006e3f35'),
       ('3efab38b-8eb6-352a-bcbe-c20a4bf9cac3', 'dolorem',
        'Ratione neque in debitis eos id. Facere sapiente aut est unde dignissimos. Quia expedita odio tempora et qui qui. Aperiam omnis repellendus sequi aut exercitationem reprehenderit perferendis.',
        'et', 'c034290a-6de9-31bc-a5d9-3dc20c9635f2'),
       ('3fc1e544-5db8-3e69-bdfe-3061e6f439e5', 'repudiandae',
        'Provident magni iusto qui cum. Labore aut dolor blanditiis atque. Eos impedit voluptas et aliquid accusantium. Ut est neque velit nam. Ut quisquam ratione nemo veniam molestiae.',
        'doloribus', '91787c1a-c360-315f-8c46-61649d577982'),
       ('40dae122-466a-3355-967c-713ae4e9bf71', 'molestiae',
        'Rerum tempora adipisci et enim amet quam voluptatem. Asperiores ducimus est debitis esse vel consequatur. Eum tenetur id ut. Autem quam molestias rerum dolores assumenda ipsum.',
        'beatae', '6c0bb60e-fd36-34fb-b3d5-9863789c22af'),
       ('41a05393-1c8e-3935-8cac-1978c8d301fc', 'fuga',
        'Eos iste quia illo magni mollitia error. Fugit eligendi necessitatibus in doloribus rerum laboriosam. Dolore nostrum et ab facilis officia occaecati.',
        'nobis', '4de9ac6d-474f-3f2c-98ba-6a99d0b8e675'),
       ('425bce9a-ce58-3d9a-a714-7f311ab0a746', 'labore',
        'Rerum minus explicabo in ducimus omnis iste officiis. Totam nam nobis est ab. Consequatur non consequuntur earum praesentium repellendus sit. Laboriosam delectus sit nihil minima sit. Tempore magni sit perferendis aspernatur atque sunt.',
        'praesentium', '72f27b0a-7fc3-3d72-a357-8f62b03f2f5e'),
       ('4392547d-98ff-3b66-aedf-e65697279d46', 'rem',
        'Quis et molestias blanditiis. Sit a ea unde porro. Aliquam tempora quos aut eos quos qui aut. Ducimus consequatur optio provident ullam.',
        'ut', 'f63c088e-ed33-33d0-9fd2-6e7b88e6bbc2'),
       ('4490f4f4-2b79-3529-bd96-946a2eb3390d', 'asperiores',
        'Et occaecati cumque ducimus sed. Illo pariatur aliquid esse esse nobis quam ea dolore. Totam voluptatem ratione ut eaque doloremque quisquam laboriosam explicabo. Quia laboriosam quo iste nihil ut magnam. Laudantium sed enim assumenda illum commodi neque ',
        'nam', 'c1b79fd0-4871-35e8-80be-5bc7a66ab3fc'),
       ('46f259ec-9a8b-351b-9bb9-92566ccce118', 'officiis',
        'Impedit itaque a et quae. Eum est atque enim maxime rerum voluptates. Est illum veniam natus autem. Optio quas delectus voluptatem voluptatem et.',
        'eveniet', 'e3e43acd-e93e-3e0a-ba72-2cbd37f3634e'),
       ('4a401d1e-2f5f-3b5c-b84e-4b8aec6f9246', 'voluptas',
        'Voluptates at molestias quis officiis odit. Sapiente voluptatum reprehenderit cumque nesciunt. Rerum quis eveniet blanditiis.',
        'tenetur', '1e90540d-7f54-3de5-9682-8118e606301c'),
       ('4cc89c2b-9a0e-39aa-a824-c633100e09ec', 'ea',
        'Sint molestiae aliquid ullam aut ut. Delectus omnis occaecati est similique modi non. Quis dolorum et perferendis magni. Alias ut tenetur et quae.',
        'alias', '94d9a06d-0ec3-3adf-9399-cdf25031a660'),
       ('4f18f607-2e53-3865-b0a5-ea00ba9a3874', 'minima',
        'Nam reiciendis in pariatur sint natus. Esse est illum est voluptas. Dolores accusantium voluptatem voluptates pariatur ipsa laborum inventore veniam. Magnam reiciendis doloremque illo eaque ad voluptatem. Asperiores ullam quia eos et accusantium enim et.',
        'aspernatur', '416a1e20-89bd-33d4-b3aa-b718a0ca3642'),
       ('5079c986-388c-3468-8fde-0ecbc5026085', 'in',
        'Quo corporis ullam accusamus et quisquam hic. Quas sit nemo a ut et dolore. Unde officia corporis cupiditate magni.',
        'eos', 'c1b79fd0-4871-35e8-80be-5bc7a66ab3fc'),
       ('50ae8dba-6f1d-3c08-9676-72a6b90d68c1', 'blanditiis',
        'Ratione rerum asperiores vero nulla nemo quae. Id ut repellat quod odio nostrum. Quidem cumque ducimus qui deserunt veritatis ratione reprehenderit omnis.',
        'ut', 'b9075cc2-cc61-35c7-9e9c-60016da4b9a6'),
       ('526d3d83-5610-3875-abae-713fc5f628d0', 'cupiditate',
        'Aut impedit veritatis omnis qui. Quia dignissimos vel qui suscipit veritatis. Sit qui molestiae eligendi autem vero. Ipsum omnis quis enim velit incidunt.',
        'maxime', 'b9075cc2-cc61-35c7-9e9c-60016da4b9a6'),
       ('52e4078c-f59a-3314-b4cf-feb890dcc223', 'sunt',
        'Sunt quidem dignissimos accusamus debitis quis laborum ut. Nisi eos dicta nihil nesciunt quam et. Rerum dolorum exercitationem ut dignissimos minima velit sit aut. Dolorum eos voluptatum quasi esse reiciendis omnis commodi.',
        'facere', 'c4bdf4a5-466b-3680-8ae2-30646ae41540'),
       ('53947acc-80cc-3771-a6c2-d49bd9569be3', 'ipsam',
        'Quod consequuntur vero similique. Voluptatem atque et nesciunt voluptates ipsum cum quasi minima. Voluptatem corrupti magni reiciendis quis dolore.',
        'animi', '4de9ac6d-474f-3f2c-98ba-6a99d0b8e675'),
       ('547cebca-5642-38f6-bd32-082fb4907db1', 'optio',
        'Facilis odit dolorem sit quae magnam impedit labore ea. Id doloremque rem ut officiis ipsam voluptatem sit. Velit enim rerum nemo aut recusandae recusandae sequi molestias.',
        'explicabo', 'e3e43acd-e93e-3e0a-ba72-2cbd37f3634e'),
       ('5604aac7-eced-35c5-9115-7338f72d5fb8', 'illum',
        'A quos est fugiat porro eaque omnis aut esse. Accusamus at aperiam rerum ut. Voluptates laudantium voluptatem esse deserunt et eaque ad. Suscipit exercitationem exercitationem officia aut omnis quos. Harum molestias enim rerum adipisci accusantium tempore',
        'ut', '5bae8f62-d1f6-38c1-ab34-50acd0c189ce'),
       ('560c4934-7f43-3a55-aefa-4d80f7edd88d', 'fuga',
        'Optio rem repellat beatae cupiditate voluptatibus. Recusandae dolorem nesciunt eos incidunt. Impedit rerum voluptas omnis soluta repellendus dolore est.',
        'et', '6c0bb60e-fd36-34fb-b3d5-9863789c22af'),
       ('57706ebd-e3a0-38e9-95f2-63023649d672', 'et',
        'Veritatis id non accusamus occaecati ut. Ipsum ad nam earum et quam.', 'et',
        'c034290a-6de9-31bc-a5d9-3dc20c9635f2'),
       ('58c18a4c-c5bc-390b-9a04-1f134014e5c2', 'facilis',
        'Sit ducimus quidem sit ut aut aspernatur omnis modi. Perspiciatis temporibus eum vero earum atque eos eaque dicta. Voluptatum autem voluptas ab ducimus culpa alias voluptas.',
        'autem', 'bd98c91b-33e2-327b-8903-54fe0aeeaf51'),
       ('59323c20-d2e2-31eb-af41-93f7c115ff3e', 'et',
        'Necessitatibus quidem ut accusantium fuga dolorem. Illum dolore aperiam sapiente aut. Et repellat eum consequuntur non voluptatem ut. Qui asperiores explicabo fugit.',
        'labore', '2d42feef-40b1-3578-ae06-20720056c385'),
       ('6121158c-97cc-379d-b86e-0601f1b88e70', 'possimus',
        'Cum exercitationem veniam amet tempore non magni. Sequi qui blanditiis quia nihil quis excepturi magnam. Voluptas esse quas laborum quisquam.',
        'beatae', 'df50ec7b-fc5a-323b-b7dc-a28330986ba6'),
       ('62d739d1-f4fc-3aae-8c8b-4a6613214f97', 'sint',
        'Labore molestiae consectetur aspernatur perferendis saepe et necessitatibus. Consequatur consectetur suscipit aut qui sequi quo. Sapiente adipisci tenetur qui assumenda iusto. Quae illo nihil quia iusto dolor quae ipsa.',
        'soluta', '5bae8f62-d1f6-38c1-ab34-50acd0c189ce'),
       ('697c5b85-8ac3-3238-80a1-9cce0c7add8d', 'quo',
        'Blanditiis quidem recusandae est veniam consequuntur. Quos repellendus dolores enim et in nihil et. Debitis assumenda non ab amet ipsam adipisci.',
        'recusandae', 'a994e2bc-2876-3f83-ab81-7f641be2d5fd'),
       ('69b506c0-f05e-32b8-828b-4e7ced2438d9', 'molestias',
        'Sit provident minima amet doloribus debitis. Velit et eligendi aut iure quo quia esse. Sed aperiam ut qui. Qui odit minus ut.',
        'consequatur', 'f4db3a3a-1f71-3600-88af-3d46f0056d16'),
       ('6a12be0a-63e6-355b-abbc-d5ae7e07ca54', 'voluptas',
        'Expedita cupiditate voluptatum eum aut. Nisi at sunt hic aliquam laboriosam. Sed quo repudiandae nulla beatae.',
        'soluta', '7ac9d4fd-176b-3c51-85f2-b8e90f91eb31'),
       ('6b336735-4afb-38e5-be56-57db03369182', 'eligendi',
        'Mollitia quo sunt reiciendis autem. Et repellendus sed dolorem. Non eveniet itaque aperiam. Nemo et iure cum deleniti omnis consectetur. Natus itaque sed neque aliquid sed laboriosam qui.',
        'aut', '868305f0-2176-33fa-a422-92fa1879b088'),
       ('6d421893-4391-3f10-8432-a6e85e14a44c', 'vel',
        'Nemo distinctio quia id placeat. Nostrum debitis nisi aliquid.', 'dolores',
        '1e90540d-7f54-3de5-9682-8118e606301c'),
       ('6f916e7e-6754-332e-8884-3880c9b812d3', 'aperiam',
        'Rerum minima sed sed molestiae inventore. Nihil enim omnis voluptatem excepturi dicta. Amet saepe praesentium eligendi labore. Recusandae assumenda magnam cumque animi tempora.',
        'aut', '416a1e20-89bd-33d4-b3aa-b718a0ca3642'),
       ('73152156-6a1b-3b3a-9897-6a65754bff54', 'cum',
        'Beatae molestiae atque provident maxime. Aspernatur aliquam laboriosam voluptas eum dolor dolorem natus. Quaerat nihil molestiae explicabo voluptatem. Nobis eum ipsam iure repellat at voluptas.',
        'fuga', '4e0113f2-154d-3318-9a07-bf8f2b551e76'),
       ('759856c0-5104-3c78-8ef2-f6f819adefbb', 'itaque',
        'Nemo possimus et illo corrupti. Cum et nulla sint beatae voluptatem. Velit labore molestiae et quasi qui facere dolor. Voluptatem culpa eligendi nemo explicabo.',
        'neque', 'd577400a-d899-3b24-9f02-6580006e3f35'),
       ('7a799748-6631-3844-bddf-0622bbf9053c', 'consequatur',
        'Quod facere accusantium est asperiores voluptas tenetur saepe. Est voluptatem rem vel culpa. Quis id voluptas et odio. Consequatur explicabo earum enim qui.',
        'voluptatem', 'e50cb52f-9804-3a24-bd9f-8f3582d4b35a'),
       ('7fe9c883-f9f2-355e-8908-97b66ea4850c', 'maiores',
        'Esse ea temporibus sapiente nihil doloremque voluptatem. Maxime velit cumque aut veritatis amet inventore voluptatum. Architecto neque id aut magni qui aut nisi.',
        'consectetur', 'f37e6faf-cfc3-37d3-88da-ec484acec988'),
       ('8106ca83-e3c3-36d8-9e9b-4d2587a76691', 'animi',
        'Provident ad repellendus et. Nihil iure error animi odio et rerum veritatis. Voluptatem voluptatum porro quia dicta aut dolor eum. Exercitationem vitae est ipsum iste exercitationem mollitia eligendi.',
        'earum', 'df50ec7b-fc5a-323b-b7dc-a28330986ba6'),
       ('82de8f80-c793-31ba-a11d-298b618ea139', 'est',
        'Quia est quis blanditiis amet repellat quos non blanditiis. Molestiae odio voluptatem asperiores et harum quis. Est et voluptas iure quasi esse. Suscipit magnam aspernatur culpa cupiditate.',
        'unde', '91787c1a-c360-315f-8c46-61649d577982'),
       ('85016543-8dd8-3288-9545-034aa1537b46', 'dolore',
        'Alias illum voluptatem occaecati voluptates. Facere in iste dolores suscipit itaque quas. Ex laborum eos illo et amet sequi.',
        'aut', '416a1e20-89bd-33d4-b3aa-b718a0ca3642'),
       ('8709b152-6564-3dc0-a0b6-091461ca0eab', 'maiores',
        'Odit molestias vitae et a hic laudantium. Facilis ad ratione accusamus. Aperiam quia est molestiae cupiditate occaecati. Et aperiam tenetur voluptatum exercitationem est veniam.',
        'sed', 'c1b79fd0-4871-35e8-80be-5bc7a66ab3fc'),
       ('8805ada9-6a96-3c17-ab20-fab4e61eb80c', 'quia',
        'Voluptas eum nulla provident aut. Labore cupiditate itaque iure est nam consequatur quia. Similique saepe maxime at aliquid quae ut fugiat ut.',
        'tenetur', 'ecdaa678-f31c-3d35-bab3-fd6d89ed485b'),
       ('8808d9c7-5435-3655-8574-2a3e5512c1e6', 'quasi',
        'Blanditiis assumenda sit numquam dolorem iure earum. Ullam quia laudantium expedita consequatur placeat laboriosam ut. Autem omnis possimus cupiditate. Voluptatem eius dolor dicta aut qui rem.',
        'ut', '91787c1a-c360-315f-8c46-61649d577982'),
       ('8b39abbf-bd3b-3294-a178-10c5be9539ff', 'harum',
        'Nulla voluptas incidunt unde accusantium. Earum maxime optio aut et qui dolor. Blanditiis odit officia quas aut doloremque accusantium et. Odit quo recusandae quae quod molestiae.',
        'enim', '4de9ac6d-474f-3f2c-98ba-6a99d0b8e675'),
       ('8b790417-0503-3eef-9016-c5cc4562007b', 'voluptas',
        'Sit repellat doloribus voluptatum porro. Aspernatur voluptates ratione soluta. Id architecto culpa sunt sequi. Et consequuntur natus voluptatem.',
        'pariatur', 'c1b79fd0-4871-35e8-80be-5bc7a66ab3fc'),
       ('91fdab5b-243f-3529-a521-36f000ef5a5c', 'voluptatem',
        'Ea aliquam explicabo consequatur. Vel nisi soluta quis ab. Quasi provident et ex temporibus.',
        'sequi', '2d42feef-40b1-3578-ae06-20720056c385'),
       ('935e78c4-f72e-3c74-b021-b0e64c93e296', 'magni',
        'Dolore provident rem voluptates quis. Laboriosam vel voluptatum exercitationem debitis voluptatibus id. Est modi totam et et soluta.',
        'eligendi', 'f63c088e-ed33-33d0-9fd2-6e7b88e6bbc2'),
       ('949bcb76-42ab-3523-b3a4-8cd4e86b59ec', 'architecto',
        'Eius suscipit reprehenderit culpa non. Error facere sint eaque enim minima. Modi dignissimos sed blanditiis sint. Ratione velit eligendi explicabo nisi cupiditate esse odio.',
        'cumque', '1e90540d-7f54-3de5-9682-8118e606301c'),
       ('94bbcc4d-1439-3ad5-ac89-dcd1fb3ae1dd', 'qui',
        'Nihil exercitationem dicta asperiores aperiam quas et. Deserunt et laudantium pariatur reiciendis autem. Et totam vitae perferendis dolor sunt possimus. Quia incidunt sit ad fuga.',
        'repudiandae', 'c4bdf4a5-466b-3680-8ae2-30646ae41540'),
       ('96a883da-1544-3eb5-81cd-7c13ecb5fad7', 'iure',
        'Ut velit minima hic necessitatibus odit illo. Voluptatem praesentium minima exercitationem adipisci. Sit consequatur esse similique enim suscipit dolor ut.',
        'eos', '2d42feef-40b1-3578-ae06-20720056c385'),
       ('9899d840-1d96-3917-adb3-7d4eff028972', 'dolorem',
        'Possimus nobis nemo culpa minima enim praesentium hic et. Voluptates deleniti praesentium occaecati sit occaecati. Quia nihil consequatur qui ut voluptatem non fugiat.',
        'pariatur', '089caacc-d13a-3c6b-8bff-1723b73ec9b6'),
       ('98c0e147-d7e6-3e50-820d-150d2f4e358b', 'sapiente',
        'Dolor nemo dolores reprehenderit. Molestiae libero maxime nisi ut natus. Rerum velit adipisci vel adipisci modi veniam.',
        'ut', 'f63c088e-ed33-33d0-9fd2-6e7b88e6bbc2'),
       ('9a77b559-1918-349a-9072-e5d96afa44a1', 'illo',
        'Mollitia voluptatem dolor voluptas dolores veritatis voluptatibus. Ullam voluptatem quos vel molestiae. Minima voluptatum possimus aliquid veniam.',
        'aliquid', '32eab7b3-4df5-377b-9923-3fba8682a461'),
       ('9bbe36b6-7df2-33f1-af06-9741c7129094', 'quia',
        'Voluptas et qui molestias facilis. Dolor ad autem aut quia mollitia at. Doloremque id possimus aut eveniet accusamus excepturi. Ea nihil quia est saepe id.',
        'odit', '868305f0-2176-33fa-a422-92fa1879b088'),
       ('9cb322db-14b6-3892-983a-766ac4414ba4', 'voluptatem',
        'Culpa dolorem perspiciatis ex ut neque animi et et. Ad facere tempora saepe non a est. Qui tempora debitis quo dolor.',
        'quia', 'e3e43acd-e93e-3e0a-ba72-2cbd37f3634e'),
       ('9cdfe46e-b663-3a1b-b770-e694379170ff', 'sit',
        'Est a ex atque ipsum quos ratione at. Amet voluptatum libero ex eos rem dolores aut quos.',
        'quae', '4e0113f2-154d-3318-9a07-bf8f2b551e76'),
       ('a4397640-a431-35cc-af34-635e3a716cb8', 'molestiae',
        'Est praesentium dolor autem recusandae. Ipsum eos magnam molestiae voluptatibus officiis molestiae. Facere ab sed quae modi.',
        'ullam', 'f37e6faf-cfc3-37d3-88da-ec484acec988'),
       ('a4a642ba-e7f8-32e8-9fa1-25e8d0587483', 'nulla',
        'Non nobis rerum in est nobis velit. Porro blanditiis quisquam praesentium nihil. Recusandae consectetur veniam rerum provident quibusdam quibusdam quam. Omnis ea natus molestias dolorum cum nihil cumque qui.',
        'autem', 'f37e6faf-cfc3-37d3-88da-ec484acec988'),
       ('a50ce543-bcc1-3170-8b29-c41efffc75f7', 'est',
        'Ad deleniti velit architecto sed. Inventore ducimus perferendis voluptatem distinctio aliquam. Facilis voluptatem provident odit consequatur. Quis minima aperiam quam molestiae quaerat aspernatur doloribus rem.',
        'nisi', 'c034290a-6de9-31bc-a5d9-3dc20c9635f2'),
       ('a728e42d-e9b0-330b-a87e-d5c15c7265ca', 'voluptatem',
        'Consectetur aspernatur praesentium doloribus in voluptatum. Accusamus quam voluptates ipsum repellat deserunt assumenda magnam quo. Cum pariatur est consequatur voluptatum. Voluptates error quas qui.',
        'ea', '1e90540d-7f54-3de5-9682-8118e606301c'),
       ('a83f7127-3d3b-3d7d-89bd-eea52c7893a9', 'hic',
        'Voluptatibus et mollitia quis voluptas ad dolorem eum. Quae asperiores laudantium quo nobis voluptatem provident assumenda voluptates. Aut ea eum harum impedit.',
        'voluptas', '94d9a06d-0ec3-3adf-9399-cdf25031a660'),
       ('a866320e-c0a8-3767-85ad-fa0abeab9ca0', 'qui',
        'Vel mollitia delectus officiis cumque. Exercitationem reiciendis dolor maiores quas rerum vitae. Enim nulla enim quod qui hic enim qui.',
        'laborum', '4de9ac6d-474f-3f2c-98ba-6a99d0b8e675'),
       ('a8720852-3f8b-3c55-bbd3-37f221c34500', 'dicta',
        'Temporibus cum voluptas architecto sint. A iste qui et accusamus. Qui vel cumque qui qui.',
        'porro', 'df50ec7b-fc5a-323b-b7dc-a28330986ba6'),
       ('a94b34b1-2941-34c1-9f05-fa68bb00a61e', 'ea',
        'Necessitatibus quia nemo ipsum laudantium aut voluptas. Repellendus laudantium tempore ut velit. In et non odit. Veniam aliquid et odit corrupti.',
        'deleniti', 'c034290a-6de9-31bc-a5d9-3dc20c9635f2'),
       ('a9ac8e45-cefa-3774-9b9d-25c77b96f4df', 'quibusdam',
        'Libero id illum consequatur sunt occaecati. Voluptas repellendus nihil tempore temporibus. Quia aliquam eum reprehenderit dolor perspiciatis. Iste minus similique minus corrupti fugiat quia.',
        'nostrum', 'bd98c91b-33e2-327b-8903-54fe0aeeaf51'),
       ('aaae2aec-ef83-3878-82c0-24db92a8e559', 'consequatur',
        'Esse aliquid iusto enim in dolor sit quidem. Voluptates voluptatem sit voluptas minima. Aperiam rem voluptas minus repudiandae.',
        'explicabo', '416a1e20-89bd-33d4-b3aa-b718a0ca3642'),
       ('abc57f5a-db58-33a3-b8ea-f6444f4f165b', 'reiciendis',
        'Ea minima accusamus eos ab expedita voluptatum debitis. Quo quos velit suscipit hic culpa. Qui quos mollitia nihil recusandae sint totam.',
        'commodi', '7ac9d4fd-176b-3c51-85f2-b8e90f91eb31'),
       ('ae9e72d9-ce76-32db-9f6b-3c8cb254b867', 'magnam',
        'Et inventore officiis neque laudantium vel repudiandae. Recusandae veritatis voluptatum sed nostrum et et. Quidem itaque quia amet quas.',
        'est', 'c4bdf4a5-466b-3680-8ae2-30646ae41540'),
       ('b154589b-342c-3b16-9a5d-162f43c60a21', 'veritatis',
        'Possimus dicta iure alias asperiores. Esse cumque voluptas consequatur quae sit. Voluptatum et sunt voluptate iste dicta harum. Quaerat aperiam mollitia pariatur et tenetur aspernatur.',
        'corporis', 'f37e6faf-cfc3-37d3-88da-ec484acec988'),
       ('b533dcf8-15fd-3618-a9a2-8033dbb2bae0', 'omnis',
        'Recusandae quidem sint non voluptas qui. Distinctio fugiat quae consequuntur molestiae cumque. Nihil dolores est voluptatum aut modi enim ut. Exercitationem adipisci facilis numquam nisi.',
        'optio', 'f4db3a3a-1f71-3600-88af-3d46f0056d16'),
       ('b5ee1add-a6a0-3b2e-8e4c-9df9a98fdaac', 'sunt',
        'Voluptas autem magni quam id vero nam quae reiciendis. Rerum et et aut cum eum ab nisi eos. Magni voluptas libero vero enim nobis et. Deserunt qui et est placeat temporibus autem.',
        'nostrum', 'd577400a-d899-3b24-9f02-6580006e3f35'),
       ('b65c17c4-3ebb-327a-bde2-667cbd9a26d3', 'aut',
        'Nihil nihil et suscipit maxime sed est nulla. Quis expedita mollitia magni officia sequi vero a. Dolores sunt itaque ex.',
        'asperiores', 'ecdaa678-f31c-3d35-bab3-fd6d89ed485b'),
       ('b7cfc18d-391d-39ec-a4e6-0a023a81bfe1', 'distinctio',
        'Doloremque vitae excepturi quae mollitia facilis. Id molestiae et nobis quis voluptas sunt incidunt. Eos perspiciatis non adipisci repellat expedita non et.',
        'consectetur', '221753b5-85d8-3965-8c0e-7acdf2737227'),
       ('bd577ef6-f8ba-39ee-ae71-2be3d079d60f', 'ut',
        'Nam voluptate optio quo aut consectetur distinctio. Consequuntur a blanditiis qui illo id quae maiores natus. Aspernatur minima quia veniam beatae sit et ipsam consequatur.',
        'veritatis', 'd577400a-d899-3b24-9f02-6580006e3f35'),
       ('ca3a944a-5b26-3c6f-8974-941221cd230d', 'quis',
        'Voluptatum aut minima minima in quo ea dolor. Modi consequuntur sapiente quo vel nihil excepturi perspiciatis ea. Exercitationem quidem quasi animi voluptates.',
        'aut', '5bae8f62-d1f6-38c1-ab34-50acd0c189ce'),
       ('cd8d9db0-513c-3e91-b548-abb01211e5e0', 'sequi',
        'Eos sequi qui fugit odit. Unde provident sit occaecati ipsum ratione sint laboriosam aut. Fugit vel omnis placeat esse asperiores alias quia.',
        'labore', '355726cc-5c07-32a7-ad76-531a66417895'),
       ('cea30ebe-2453-3e13-af8a-36d01d833797', 'atque',
        'Dolorum sunt optio in qui fugiat commodi repellendus sunt. Quo accusantium inventore mollitia dolor nisi aut dolorum vitae. Occaecati sequi quibusdam voluptas incidunt quas ut odit.',
        'deserunt', 'bd98c91b-33e2-327b-8903-54fe0aeeaf51'),
       ('d15335f9-1c2e-3237-ad67-7e1ea6d1ccff', 'itaque',
        'Quia itaque animi amet fuga culpa dolores. Sit quia eos unde facere eveniet iste. Molestiae eos blanditiis quo inventore. Quos fuga rem ipsa est nihil eveniet perspiciatis.',
        'itaque', '6c0bb60e-fd36-34fb-b3d5-9863789c22af'),
       ('d272f6d1-a64e-3804-9d1a-99e28e62fdd6', 'labore',
        'Ut corporis incidunt ipsum magnam ipsa ut. Enim et ut eligendi qui. Libero et et nisi iure facere atque. Officia itaque praesentium et consequatur.',
        'aliquid', '355726cc-5c07-32a7-ad76-531a66417895'),
       ('d2f6b883-bfa3-330a-9fb0-084e4b5c4b95', 'fugit',
        'Saepe cupiditate harum cum excepturi tempora. Voluptatum ex ut voluptatum minima similique. Praesentium et ut sapiente.',
        'et', '94d9a06d-0ec3-3adf-9399-cdf25031a660'),
       ('d4c75f06-69db-3d81-9e3b-6d039c74e98c', 'sed',
        'Quae culpa qui necessitatibus mollitia animi distinctio. Quae accusamus culpa maiores sed non blanditiis atque. Voluptas quia id odio corrupti ullam dolores unde vel.',
        'voluptas', '089caacc-d13a-3c6b-8bff-1723b73ec9b6'),
       ('d6293720-a82d-31db-bfdc-37f6bfb2b5e6', 'rerum',
        'Excepturi qui aut enim facere est commodi possimus. Corrupti nam earum illum quam voluptatem. Non aperiam dolores velit.',
        'nam', '868305f0-2176-33fa-a422-92fa1879b088'),
       ('d7d5f2cf-3402-37a8-8141-2bb6c7969f88', 'iusto',
        'Unde sunt porro vel repudiandae in est quos. Hic in facilis adipisci consequatur at recusandae adipisci est. Eos dignissimos magnam velit magni officiis.',
        'laudantium', 'ecdaa678-f31c-3d35-bab3-fd6d89ed485b'),
       ('dbe384cb-7423-3539-a1f8-c4ca286aeeec', 'vero',
        'Sint esse numquam ut sequi earum quibusdam. Illum eos dolorem praesentium nesciunt quisquam tempore qui id. Voluptas accusamus ad voluptate et ipsam sit. Et molestiae est perspiciatis ut.',
        'accusantium', '72f27b0a-7fc3-3d72-a357-8f62b03f2f5e'),
       ('dd77a37e-1612-3f2d-8f1b-2e590da4eb13', 'expedita',
        'Repellendus reiciendis explicabo voluptatem alias. Voluptate aut minima commodi et.',
        'illo', '355726cc-5c07-32a7-ad76-531a66417895'),
       ('df1b46c7-69a9-3fd2-8226-d51c3e7aa394', 'nihil',
        'Voluptatem dolore ab nulla est voluptatibus. Velit voluptatem ut tempore rerum alias porro dolorem. Et expedita et consequatur consequatur in sed. Consequatur quis exercitationem dolores dolore ipsa.',
        'voluptas', 'b9075cc2-cc61-35c7-9e9c-60016da4b9a6'),
       ('dfc5ba19-196a-39ff-a02d-332bcf65219d', 'sit',
        'Quod sunt sed beatae velit eos aperiam. Velit vel repellat sapiente provident aut est officiis. Et aut provident suscipit temporibus eum quidem. Non repudiandae molestias natus et.',
        'at', 'e50cb52f-9804-3a24-bd9f-8f3582d4b35a'),
       ('e000e1e4-f547-3565-86f0-9de67c69caa2', 'magni',
        'Eveniet dignissimos atque voluptas nisi commodi doloribus. Et aut repellendus voluptatem quia autem dignissimos. Ipsam deleniti iusto molestiae expedita repudiandae. Numquam eaque consequatur quo ratione cum et. Ex repellat molestias voluptatum nemo.',
        'repudiandae', 'f4db3a3a-1f71-3600-88af-3d46f0056d16'),
       ('e16b551d-6349-3267-a869-b3aae1d7f402', 'nihil',
        'Est eos at consequatur enim. Repudiandae voluptas facere dolor quia quia et quia et. Expedita porro aliquid voluptatibus enim eius quasi. Sunt earum quia voluptas aliquid vero magnam.',
        'quia', 'df50ec7b-fc5a-323b-b7dc-a28330986ba6'),
       ('e5dc97b6-e721-31be-99a8-3b9bf7605624', 'vitae',
        'Autem itaque neque nobis ipsum voluptate distinctio pariatur. Omnis repudiandae non modi sit. Harum nihil iste excepturi.',
        'quidem', 'c034290a-6de9-31bc-a5d9-3dc20c9635f2'),
       ('e6217b0e-c1d5-30c0-865a-6bd382636215', 'saepe',
        'Id ipsam facere sunt. Laboriosam esse est neque aut id rerum. Tenetur qui quae ipsam repellat vero.',
        'ut', '32eab7b3-4df5-377b-9923-3fba8682a461'),
       ('e65e3043-363c-32ea-9f4e-ca033cbb6a85', 'quos',
        'Aperiam rerum possimus sed deserunt vitae nemo. Alias fugiat et voluptas est ad. Fuga ea doloribus rerum explicabo fuga. Iste repellendus corporis alias aut temporibus qui qui asperiores.',
        'est', '2d42feef-40b1-3578-ae06-20720056c385'),
       ('e86cd482-df6a-3bf8-a922-046c35583cce', 'et',
        'Voluptas architecto aliquid nisi ullam fuga. Et at rerum eum accusamus error iste. Enim dolor voluptatem repellat.',
        'quis', '72f27b0a-7fc3-3d72-a357-8f62b03f2f5e'),
       ('e8d759fa-f0a8-3441-96e0-1e973d0e207a', 'cupiditate',
        'Necessitatibus nam exercitationem iusto ea nostrum qui. Aliquam exercitationem enim id quia voluptatem libero. Aut consequatur autem ipsum voluptas cum libero consequatur. Ullam nulla voluptate ullam ex nihil qui autem.',
        'aspernatur', '5bae8f62-d1f6-38c1-ab34-50acd0c189ce'),
       ('e951c238-138a-35ef-b564-d1175474ad90', 'earum',
        'Distinctio possimus odio voluptatibus maiores at ut ea. Error ullam et autem nulla modi ut voluptatibus rerum. Temporibus optio delectus et et dolore voluptate et. Enim aliquam non itaque voluptatem exercitationem libero. Nobis eveniet esse ea deleniti nu',
        'quo', 'a994e2bc-2876-3f83-ab81-7f641be2d5fd'),
       ('ea5aa9c2-fcb8-37a9-9aad-1cdb1da98e59', 'accusantium',
        'Unde et quidem assumenda cum rerum. Aliquid quod iure reprehenderit alias recusandae harum. Qui quia sunt ex.',
        'velit', 'e50cb52f-9804-3a24-bd9f-8f3582d4b35a'),
       ('eb444dde-b4d2-3439-aa92-70f71c74bb79', 'qui',
        'Libero quibusdam nihil officia. Maxime quae debitis eum animi. Quod quo saepe sed quia eaque magni.',
        'excepturi', '7ac9d4fd-176b-3c51-85f2-b8e90f91eb31'),
       ('ecbc4081-1363-3a2e-8744-1579e77475a0', 'odit',
        'Consectetur voluptatem architecto ducimus commodi maxime. Cum voluptatibus et est est. Est quibusdam maxime quis sunt. Quia quam temporibus enim mollitia.',
        'qui', '72f27b0a-7fc3-3d72-a357-8f62b03f2f5e'),
       ('ed64b1cb-ed6b-3fe0-9978-e3094dff7736', 'illo',
        'Voluptates rerum tempore modi error placeat natus beatae. Nisi voluptas quas veniam quia quia. Commodi qui sit nesciunt. Magnam in velit consequuntur nobis maxime sequi doloribus.',
        'aut', 'f63c088e-ed33-33d0-9fd2-6e7b88e6bbc2'),
       ('efd30937-f8df-37d6-99d2-9623834d2ed1', 'ea',
        'Debitis quo quia dolor ipsum. Explicabo enim porro vel suscipit voluptas quidem. Et nihil provident quasi ratione. Pariatur ullam rerum explicabo et voluptates adipisci perspiciatis. Culpa eius molestiae molestiae laboriosam veritatis.',
        'veniam', '7ac9d4fd-176b-3c51-85f2-b8e90f91eb31'),
       ('f0e67340-7d37-3b24-a418-622939ad9849', 'eaque',
        'Sunt vel tenetur nulla quae eum qui. Eveniet alias nesciunt corrupti quo ea. Totam consequatur architecto eveniet quasi ex.',
        'et', '4e0113f2-154d-3318-9a07-bf8f2b551e76'),
       ('f78dbb2f-d16b-3e89-a968-5388eb1cc485', 'voluptate',
        'Quam veritatis placeat totam autem et dolorem. Et quibusdam iusto et non aspernatur. Ducimus deserunt in quia molestiae illo consequuntur rem.',
        'labore', '221753b5-85d8-3965-8c0e-7acdf2737227'),
       ('f82be468-61c3-3ecc-a926-9320e85454b8', 'id',
        'Nobis cumque est error voluptas ipsa maxime. Et tenetur eos tempore voluptatem. Assumenda pariatur dolor expedita et tenetur quo.',
        'culpa', 'ecdaa678-f31c-3d35-bab3-fd6d89ed485b'),
       ('f9392011-d6a1-3c55-a342-079d53b8446e', 'nulla',
        'Recusandae unde similique enim eligendi autem at. Placeat facilis consequatur aperiam sit necessitatibus. Quam quis dolorum laboriosam sit ut tempore. Nulla velit voluptas commodi cupiditate. Sed neque magnam est inventore.',
        'non', 'e50cb52f-9804-3a24-bd9f-8f3582d4b35a'),
       ('f965dc65-6a5a-3633-8f56-592bcfecfb54', 'voluptate',
        'Est commodi velit voluptate. Velit maxime consequatur dolor incidunt iste id quis. Sit tempore fugit nulla est et. Vel ullam et ut provident et vitae temporibus.',
        'debitis', 'a994e2bc-2876-3f83-ab81-7f641be2d5fd'),
       ('fa9c752a-7a81-3e07-92db-49cbadaa00dc', 'nam',
        'Quia suscipit commodi alias quaerat omnis consequatur. Atque culpa sed ut quibusdam et. Sunt aspernatur dolore dolorum deleniti.',
        'omnis', 'f4db3a3a-1f71-3600-88af-3d46f0056d16'),
       ('fae7d768-839d-3e40-bacb-b8e045628764', 'et',
        'Eos reprehenderit rerum numquam eos mollitia eos aspernatur. Et ab eos enim earum corporis cupiditate omnis enim.',
        'velit', '4de9ac6d-474f-3f2c-98ba-6a99d0b8e675'),
       ('fafbdff7-e439-3a43-950a-a3fc92cfd2f6', 'blanditiis',
        'Asperiores labore optio blanditiis tempore reiciendis voluptas ut dolorem. Et qui sapiente quibusdam. Mollitia qui rerum ratione nostrum facere itaque inventore. Enim nulla mollitia perferendis maiores.',
        'dolor', '32eab7b3-4df5-377b-9923-3fba8682a461'),
       ('fb6a2382-4559-3a7d-b53b-7fd00e4fcfca', 'harum',
        'Numquam velit non cupiditate veniam ea saepe assumenda laboriosam. Id sed similique ab ut nulla. Dolor asperiores corrupti iure temporibus asperiores aut. Nesciunt sit ipsam commodi rerum optio aut temporibus.',
        'culpa', 'e50cb52f-9804-3a24-bd9f-8f3582d4b35a'),
       ('fc03c47c-0186-3d76-a65b-0969de22d6bd', 'suscipit',
        'Quidem doloremque recusandae esse quisquam expedita nam architecto. Ea aspernatur sed enim. Architecto eum et praesentium sed.',
        'ex', '221753b5-85d8-3965-8c0e-7acdf2737227'),
       ('fcd081b3-c25e-37ba-b4d0-349bd36e46f9', 'commodi',
        'Fugiat iusto et fugiat voluptates consequatur doloremque consequatur. Perspiciatis voluptatem et ut molestiae et est dolores. Quia ab consequatur voluptas qui ipsam et laborum.',
        'aperiam', 'ecdaa678-f31c-3d35-bab3-fd6d89ed485b'),
       ('fd1765f3-e2fd-3511-a40a-48c8718ca054', 'neque',
        'Corporis tenetur delectus architecto fuga voluptas neque. Voluptas sapiente velit ea ut quisquam quisquam quo. Id asperiores sapiente libero esse voluptates illum soluta.',
        'aliquid', '32eab7b3-4df5-377b-9923-3fba8682a461'),
       ('febebb6b-ea6e-3380-9096-87720fb87bd1', 'quo',
        'Sed aperiam assumenda ad maiores ut voluptatum. Dolorem dicta omnis ut sint nihil. Voluptates dolore inventore qui.',
        'molestiae', '4e0113f2-154d-3318-9a07-bf8f2b551e76'),
       ('ff824ccf-ecb3-389f-ab37-fda20e46bcea', 'soluta',
        'Modi ab nisi eaque eum. Consequuntur quidem ea eaque possimus. Qui eos eos consequatur repellendus ut quam.',
        'dolorem', '089caacc-d13a-3c6b-8bff-1723b73ec9b6');

INSERT INTO `_involved_in_`
VALUES ('4d56c673-e310-3c8e-885b-2874610c98a8',
        '034c9f87-5b07-36e8-bfa4-bb9afca7e9d7'),
       ('94f44e01-b00c-3a4b-be2f-6219ac397c45',
        '0358e118-ac39-31b5-8cd0-efd9853e1d93'),
       ('ce18cf83-4910-3357-acc7-07f3593b64c3',
        '036f35ff-cf2e-34f9-8c04-d76b0067026a'),
       ('e15bffbd-aea0-3914-8a75-d013cf067061',
        '051e676c-8066-34fd-873f-3b8a65c62f25'),
       ('f64917ce-c206-328d-9978-3c5a7227a922',
        '07500900-f1ee-36f3-9c73-d1c95a23e8d7'),
       ('4d56c673-e310-3c8e-885b-2874610c98a8',
        '0970d578-749a-33a2-ba49-b3fe88734882'),
       ('94f44e01-b00c-3a4b-be2f-6219ac397c45',
        '09c44393-90a4-35f3-bb1f-ada382282b98'),
       ('ce18cf83-4910-3357-acc7-07f3593b64c3',
        '0bb98d1f-934c-3186-a69e-585bd5ae3933'),
       ('e15bffbd-aea0-3914-8a75-d013cf067061',
        '0d1d2993-bb79-3f90-b6f2-0796f416b3d0'),
       ('f64917ce-c206-328d-9978-3c5a7227a922',
        '0d2ac635-51f6-3160-8b56-1531c7b1d783'),
       ('4d56c673-e310-3c8e-885b-2874610c98a8',
        '0e878a66-d547-3ccc-bb87-ad0d1809180f'),
       ('94f44e01-b00c-3a4b-be2f-6219ac397c45',
        '1050abd6-8d78-3df5-a90c-94cffb6bd88c'),
       ('ce18cf83-4910-3357-acc7-07f3593b64c3',
        '106db8e4-c2f4-3c57-90c5-d8fc2616c6a9'),
       ('e15bffbd-aea0-3914-8a75-d013cf067061',
        '1514e88f-338e-3229-9b5b-479404dfa4c3'),
       ('f64917ce-c206-328d-9978-3c5a7227a922',
        '152daa74-c949-3fc3-9a0e-be5285674d09'),
       ('4d56c673-e310-3c8e-885b-2874610c98a8',
        '15660c8b-59e7-3ce3-922a-d824c58e6433'),
       ('94f44e01-b00c-3a4b-be2f-6219ac397c45',
        '15893a47-0aec-3d7e-8bac-e4ca99a796b1'),
       ('ce18cf83-4910-3357-acc7-07f3593b64c3',
        '19fcdf1b-6d2a-36b8-9f11-2f6a10f8fa96'),
       ('e15bffbd-aea0-3914-8a75-d013cf067061',
        '1b63a633-7e95-330d-ac0a-fbab2d267da0'),
       ('f64917ce-c206-328d-9978-3c5a7227a922',
        '1c69a043-6d97-362b-b2e5-25da0779043f'),
       ('4d56c673-e310-3c8e-885b-2874610c98a8',
        '1c9ac3e5-f470-3943-a16b-3d79df47f903'),
       ('94f44e01-b00c-3a4b-be2f-6219ac397c45',
        '1d7189aa-31eb-39e5-8c41-94ad4e4184ad'),
       ('ce18cf83-4910-3357-acc7-07f3593b64c3',
        '200ddcc8-95dc-3725-9d57-992b2f14352b'),
       ('e15bffbd-aea0-3914-8a75-d013cf067061',
        '204758c6-ccac-32a1-a28a-16ef150d895f'),
       ('f64917ce-c206-328d-9978-3c5a7227a922',
        '25634565-11b1-371b-9fd0-6d6b2e7d56aa'),
       ('4d56c673-e310-3c8e-885b-2874610c98a8',
        '2603c747-709d-3d6e-b108-c9a1ad6cf609'),
       ('94f44e01-b00c-3a4b-be2f-6219ac397c45',
        '260b0fed-b7fc-3a8d-9a83-6a90a1679445'),
       ('ce18cf83-4910-3357-acc7-07f3593b64c3',
        '2897f36f-0acd-3f3c-a62b-cfb2be3008e9'),
       ('e15bffbd-aea0-3914-8a75-d013cf067061',
        '2af38b8e-9272-3845-8c1f-b6f075b6070f'),
       ('f64917ce-c206-328d-9978-3c5a7227a922',
        '2d70e2b3-172f-3cbf-8bb0-007a6c3b01af'),
       ('4d56c673-e310-3c8e-885b-2874610c98a8',
        '2e131d92-db47-31c4-a01f-1526934a327b'),
       ('94f44e01-b00c-3a4b-be2f-6219ac397c45',
        '3054c62d-fcff-3b77-a561-99db32e07123'),
       ('ce18cf83-4910-3357-acc7-07f3593b64c3',
        '31c46323-f182-3778-9f97-01a9361d2302'),
       ('e15bffbd-aea0-3914-8a75-d013cf067061',
        '352eb387-54ae-3239-a3c1-7869e07aacc0'),
       ('f64917ce-c206-328d-9978-3c5a7227a922',
        '37ef5659-abb4-33f8-bcbf-4c2660188486'),
       ('4d56c673-e310-3c8e-885b-2874610c98a8',
        '38c00a1d-52e9-3f8b-985d-5e76ae6006ad'),
       ('94f44e01-b00c-3a4b-be2f-6219ac397c45',
        '391351f3-af61-3872-9949-dd57d47b7555'),
       ('ce18cf83-4910-3357-acc7-07f3593b64c3',
        '3dadfb39-6497-349d-8731-665e627ca63e'),
       ('e15bffbd-aea0-3914-8a75-d013cf067061',
        '3e0bb9e0-0799-352b-8a5a-d5b777208bc5'),
       ('f64917ce-c206-328d-9978-3c5a7227a922',
        '3efab38b-8eb6-352a-bcbe-c20a4bf9cac3'),
       ('4d56c673-e310-3c8e-885b-2874610c98a8',
        '3fc1e544-5db8-3e69-bdfe-3061e6f439e5'),
       ('94f44e01-b00c-3a4b-be2f-6219ac397c45',
        '40dae122-466a-3355-967c-713ae4e9bf71'),
       ('ce18cf83-4910-3357-acc7-07f3593b64c3',
        '41a05393-1c8e-3935-8cac-1978c8d301fc'),
       ('e15bffbd-aea0-3914-8a75-d013cf067061',
        '425bce9a-ce58-3d9a-a714-7f311ab0a746'),
       ('f64917ce-c206-328d-9978-3c5a7227a922',
        '4392547d-98ff-3b66-aedf-e65697279d46'),
       ('4d56c673-e310-3c8e-885b-2874610c98a8',
        '4490f4f4-2b79-3529-bd96-946a2eb3390d'),
       ('94f44e01-b00c-3a4b-be2f-6219ac397c45',
        '46f259ec-9a8b-351b-9bb9-92566ccce118'),
       ('ce18cf83-4910-3357-acc7-07f3593b64c3',
        '4a401d1e-2f5f-3b5c-b84e-4b8aec6f9246'),
       ('e15bffbd-aea0-3914-8a75-d013cf067061',
        '4cc89c2b-9a0e-39aa-a824-c633100e09ec'),
       ('f64917ce-c206-328d-9978-3c5a7227a922',
        '4f18f607-2e53-3865-b0a5-ea00ba9a3874'),
       ('4d56c673-e310-3c8e-885b-2874610c98a8',
        '5079c986-388c-3468-8fde-0ecbc5026085'),
       ('94f44e01-b00c-3a4b-be2f-6219ac397c45',
        '50ae8dba-6f1d-3c08-9676-72a6b90d68c1'),
       ('ce18cf83-4910-3357-acc7-07f3593b64c3',
        '526d3d83-5610-3875-abae-713fc5f628d0'),
       ('e15bffbd-aea0-3914-8a75-d013cf067061',
        '52e4078c-f59a-3314-b4cf-feb890dcc223'),
       ('f64917ce-c206-328d-9978-3c5a7227a922',
        '53947acc-80cc-3771-a6c2-d49bd9569be3'),
       ('4d56c673-e310-3c8e-885b-2874610c98a8',
        '547cebca-5642-38f6-bd32-082fb4907db1'),
       ('94f44e01-b00c-3a4b-be2f-6219ac397c45',
        '5604aac7-eced-35c5-9115-7338f72d5fb8'),
       ('ce18cf83-4910-3357-acc7-07f3593b64c3',
        '560c4934-7f43-3a55-aefa-4d80f7edd88d'),
       ('e15bffbd-aea0-3914-8a75-d013cf067061',
        '57706ebd-e3a0-38e9-95f2-63023649d672'),
       ('f64917ce-c206-328d-9978-3c5a7227a922',
        '58c18a4c-c5bc-390b-9a04-1f134014e5c2'),
       ('4d56c673-e310-3c8e-885b-2874610c98a8',
        '59323c20-d2e2-31eb-af41-93f7c115ff3e'),
       ('94f44e01-b00c-3a4b-be2f-6219ac397c45',
        '6121158c-97cc-379d-b86e-0601f1b88e70'),
       ('ce18cf83-4910-3357-acc7-07f3593b64c3',
        '62d739d1-f4fc-3aae-8c8b-4a6613214f97'),
       ('e15bffbd-aea0-3914-8a75-d013cf067061',
        '697c5b85-8ac3-3238-80a1-9cce0c7add8d'),
       ('f64917ce-c206-328d-9978-3c5a7227a922',
        '69b506c0-f05e-32b8-828b-4e7ced2438d9'),
       ('4d56c673-e310-3c8e-885b-2874610c98a8',
        '6a12be0a-63e6-355b-abbc-d5ae7e07ca54'),
       ('94f44e01-b00c-3a4b-be2f-6219ac397c45',
        '6b336735-4afb-38e5-be56-57db03369182'),
       ('ce18cf83-4910-3357-acc7-07f3593b64c3',
        '6d421893-4391-3f10-8432-a6e85e14a44c'),
       ('e15bffbd-aea0-3914-8a75-d013cf067061',
        '6f916e7e-6754-332e-8884-3880c9b812d3'),
       ('f64917ce-c206-328d-9978-3c5a7227a922',
        '73152156-6a1b-3b3a-9897-6a65754bff54'),
       ('4d56c673-e310-3c8e-885b-2874610c98a8',
        '759856c0-5104-3c78-8ef2-f6f819adefbb'),
       ('94f44e01-b00c-3a4b-be2f-6219ac397c45',
        '7a799748-6631-3844-bddf-0622bbf9053c'),
       ('ce18cf83-4910-3357-acc7-07f3593b64c3',
        '7fe9c883-f9f2-355e-8908-97b66ea4850c'),
       ('e15bffbd-aea0-3914-8a75-d013cf067061',
        '8106ca83-e3c3-36d8-9e9b-4d2587a76691'),
       ('f64917ce-c206-328d-9978-3c5a7227a922',
        '82de8f80-c793-31ba-a11d-298b618ea139'),
       ('4d56c673-e310-3c8e-885b-2874610c98a8',
        '85016543-8dd8-3288-9545-034aa1537b46'),
       ('94f44e01-b00c-3a4b-be2f-6219ac397c45',
        '8709b152-6564-3dc0-a0b6-091461ca0eab'),
       ('ce18cf83-4910-3357-acc7-07f3593b64c3',
        '8805ada9-6a96-3c17-ab20-fab4e61eb80c'),
       ('e15bffbd-aea0-3914-8a75-d013cf067061',
        '8808d9c7-5435-3655-8574-2a3e5512c1e6'),
       ('f64917ce-c206-328d-9978-3c5a7227a922',
        '8b39abbf-bd3b-3294-a178-10c5be9539ff'),
       ('4d56c673-e310-3c8e-885b-2874610c98a8',
        '8b790417-0503-3eef-9016-c5cc4562007b'),
       ('94f44e01-b00c-3a4b-be2f-6219ac397c45',
        '91fdab5b-243f-3529-a521-36f000ef5a5c'),
       ('ce18cf83-4910-3357-acc7-07f3593b64c3',
        '935e78c4-f72e-3c74-b021-b0e64c93e296'),
       ('e15bffbd-aea0-3914-8a75-d013cf067061',
        '949bcb76-42ab-3523-b3a4-8cd4e86b59ec'),
       ('f64917ce-c206-328d-9978-3c5a7227a922',
        '94bbcc4d-1439-3ad5-ac89-dcd1fb3ae1dd'),
       ('4d56c673-e310-3c8e-885b-2874610c98a8',
        '96a883da-1544-3eb5-81cd-7c13ecb5fad7'),
       ('94f44e01-b00c-3a4b-be2f-6219ac397c45',
        '9899d840-1d96-3917-adb3-7d4eff028972'),
       ('ce18cf83-4910-3357-acc7-07f3593b64c3',
        '98c0e147-d7e6-3e50-820d-150d2f4e358b'),
       ('e15bffbd-aea0-3914-8a75-d013cf067061',
        '9a77b559-1918-349a-9072-e5d96afa44a1'),
       ('f64917ce-c206-328d-9978-3c5a7227a922',
        '9bbe36b6-7df2-33f1-af06-9741c7129094'),
       ('4d56c673-e310-3c8e-885b-2874610c98a8',
        '9cb322db-14b6-3892-983a-766ac4414ba4'),
       ('94f44e01-b00c-3a4b-be2f-6219ac397c45',
        '9cdfe46e-b663-3a1b-b770-e694379170ff'),
       ('ce18cf83-4910-3357-acc7-07f3593b64c3',
        'a4397640-a431-35cc-af34-635e3a716cb8'),
       ('e15bffbd-aea0-3914-8a75-d013cf067061',
        'a4a642ba-e7f8-32e8-9fa1-25e8d0587483'),
       ('f64917ce-c206-328d-9978-3c5a7227a922',
        'a50ce543-bcc1-3170-8b29-c41efffc75f7'),
       ('4d56c673-e310-3c8e-885b-2874610c98a8',
        'a728e42d-e9b0-330b-a87e-d5c15c7265ca'),
       ('94f44e01-b00c-3a4b-be2f-6219ac397c45',
        'a83f7127-3d3b-3d7d-89bd-eea52c7893a9'),
       ('ce18cf83-4910-3357-acc7-07f3593b64c3',
        'a866320e-c0a8-3767-85ad-fa0abeab9ca0'),
       ('e15bffbd-aea0-3914-8a75-d013cf067061',
        'a8720852-3f8b-3c55-bbd3-37f221c34500'),
       ('f64917ce-c206-328d-9978-3c5a7227a922',
        'a94b34b1-2941-34c1-9f05-fa68bb00a61e'),
       ('4d56c673-e310-3c8e-885b-2874610c98a8',
        'a9ac8e45-cefa-3774-9b9d-25c77b96f4df'),
       ('94f44e01-b00c-3a4b-be2f-6219ac397c45',
        'aaae2aec-ef83-3878-82c0-24db92a8e559'),
       ('ce18cf83-4910-3357-acc7-07f3593b64c3',
        'abc57f5a-db58-33a3-b8ea-f6444f4f165b'),
       ('e15bffbd-aea0-3914-8a75-d013cf067061',
        'ae9e72d9-ce76-32db-9f6b-3c8cb254b867'),
       ('f64917ce-c206-328d-9978-3c5a7227a922',
        'b154589b-342c-3b16-9a5d-162f43c60a21'),
       ('4d56c673-e310-3c8e-885b-2874610c98a8',
        'b533dcf8-15fd-3618-a9a2-8033dbb2bae0'),
       ('94f44e01-b00c-3a4b-be2f-6219ac397c45',
        'b5ee1add-a6a0-3b2e-8e4c-9df9a98fdaac'),
       ('ce18cf83-4910-3357-acc7-07f3593b64c3',
        'b65c17c4-3ebb-327a-bde2-667cbd9a26d3'),
       ('e15bffbd-aea0-3914-8a75-d013cf067061',
        'b7cfc18d-391d-39ec-a4e6-0a023a81bfe1'),
       ('f64917ce-c206-328d-9978-3c5a7227a922',
        'bd577ef6-f8ba-39ee-ae71-2be3d079d60f'),
       ('4d56c673-e310-3c8e-885b-2874610c98a8',
        'ca3a944a-5b26-3c6f-8974-941221cd230d'),
       ('94f44e01-b00c-3a4b-be2f-6219ac397c45',
        'cd8d9db0-513c-3e91-b548-abb01211e5e0'),
       ('ce18cf83-4910-3357-acc7-07f3593b64c3',
        'cea30ebe-2453-3e13-af8a-36d01d833797'),
       ('e15bffbd-aea0-3914-8a75-d013cf067061',
        'd15335f9-1c2e-3237-ad67-7e1ea6d1ccff'),
       ('f64917ce-c206-328d-9978-3c5a7227a922',
        'd272f6d1-a64e-3804-9d1a-99e28e62fdd6'),
       ('4d56c673-e310-3c8e-885b-2874610c98a8',
        'd2f6b883-bfa3-330a-9fb0-084e4b5c4b95'),
       ('94f44e01-b00c-3a4b-be2f-6219ac397c45',
        'd4c75f06-69db-3d81-9e3b-6d039c74e98c'),
       ('ce18cf83-4910-3357-acc7-07f3593b64c3',
        'd6293720-a82d-31db-bfdc-37f6bfb2b5e6'),
       ('e15bffbd-aea0-3914-8a75-d013cf067061',
        'd7d5f2cf-3402-37a8-8141-2bb6c7969f88'),
       ('f64917ce-c206-328d-9978-3c5a7227a922',
        'dbe384cb-7423-3539-a1f8-c4ca286aeeec'),
       ('4d56c673-e310-3c8e-885b-2874610c98a8',
        'dd77a37e-1612-3f2d-8f1b-2e590da4eb13'),
       ('94f44e01-b00c-3a4b-be2f-6219ac397c45',
        'df1b46c7-69a9-3fd2-8226-d51c3e7aa394'),
       ('ce18cf83-4910-3357-acc7-07f3593b64c3',
        'dfc5ba19-196a-39ff-a02d-332bcf65219d'),
       ('e15bffbd-aea0-3914-8a75-d013cf067061',
        'e000e1e4-f547-3565-86f0-9de67c69caa2'),
       ('f64917ce-c206-328d-9978-3c5a7227a922',
        'e16b551d-6349-3267-a869-b3aae1d7f402'),
       ('4d56c673-e310-3c8e-885b-2874610c98a8',
        'e5dc97b6-e721-31be-99a8-3b9bf7605624'),
       ('94f44e01-b00c-3a4b-be2f-6219ac397c45',
        'e6217b0e-c1d5-30c0-865a-6bd382636215'),
       ('ce18cf83-4910-3357-acc7-07f3593b64c3',
        'e65e3043-363c-32ea-9f4e-ca033cbb6a85'),
       ('e15bffbd-aea0-3914-8a75-d013cf067061',
        'e86cd482-df6a-3bf8-a922-046c35583cce'),
       ('f64917ce-c206-328d-9978-3c5a7227a922',
        'e8d759fa-f0a8-3441-96e0-1e973d0e207a'),
       ('4d56c673-e310-3c8e-885b-2874610c98a8',
        'e951c238-138a-35ef-b564-d1175474ad90'),
       ('94f44e01-b00c-3a4b-be2f-6219ac397c45',
        'ea5aa9c2-fcb8-37a9-9aad-1cdb1da98e59'),
       ('ce18cf83-4910-3357-acc7-07f3593b64c3',
        'eb444dde-b4d2-3439-aa92-70f71c74bb79'),
       ('e15bffbd-aea0-3914-8a75-d013cf067061',
        'ecbc4081-1363-3a2e-8744-1579e77475a0'),
       ('f64917ce-c206-328d-9978-3c5a7227a922',
        'ed64b1cb-ed6b-3fe0-9978-e3094dff7736'),
       ('4d56c673-e310-3c8e-885b-2874610c98a8',
        'efd30937-f8df-37d6-99d2-9623834d2ed1'),
       ('94f44e01-b00c-3a4b-be2f-6219ac397c45',
        'f0e67340-7d37-3b24-a418-622939ad9849'),
       ('ce18cf83-4910-3357-acc7-07f3593b64c3',
        'f78dbb2f-d16b-3e89-a968-5388eb1cc485'),
       ('e15bffbd-aea0-3914-8a75-d013cf067061',
        'f82be468-61c3-3ecc-a926-9320e85454b8'),
       ('f64917ce-c206-328d-9978-3c5a7227a922',
        'f9392011-d6a1-3c55-a342-079d53b8446e'),
       ('4d56c673-e310-3c8e-885b-2874610c98a8',
        'f965dc65-6a5a-3633-8f56-592bcfecfb54'),
       ('94f44e01-b00c-3a4b-be2f-6219ac397c45',
        'fa9c752a-7a81-3e07-92db-49cbadaa00dc'),
       ('ce18cf83-4910-3357-acc7-07f3593b64c3',
        'fae7d768-839d-3e40-bacb-b8e045628764'),
       ('e15bffbd-aea0-3914-8a75-d013cf067061',
        'fafbdff7-e439-3a43-950a-a3fc92cfd2f6'),
       ('f64917ce-c206-328d-9978-3c5a7227a922',
        'fb6a2382-4559-3a7d-b53b-7fd00e4fcfca'),
       ('4d56c673-e310-3c8e-885b-2874610c98a8',
        'fc03c47c-0186-3d76-a65b-0969de22d6bd'),
       ('94f44e01-b00c-3a4b-be2f-6219ac397c45',
        'fcd081b3-c25e-37ba-b4d0-349bd36e46f9'),
       ('ce18cf83-4910-3357-acc7-07f3593b64c3',
        'fd1765f3-e2fd-3511-a40a-48c8718ca054'),
       ('e15bffbd-aea0-3914-8a75-d013cf067061',
        'febebb6b-ea6e-3380-9096-87720fb87bd1'),
       ('f64917ce-c206-328d-9978-3c5a7227a922',
        'ff824ccf-ecb3-389f-ab37-fda20e46bcea'),
       ('4d56c673-e310-3c8e-885b-2874610c98a8',
        '034c9f87-5b07-36e8-bfa4-bb9afca7e9d7'),
       ('94f44e01-b00c-3a4b-be2f-6219ac397c45',
        '0358e118-ac39-31b5-8cd0-efd9853e1d93'),
       ('ce18cf83-4910-3357-acc7-07f3593b64c3',
        '036f35ff-cf2e-34f9-8c04-d76b0067026a'),
       ('e15bffbd-aea0-3914-8a75-d013cf067061',
        '051e676c-8066-34fd-873f-3b8a65c62f25'),
       ('f64917ce-c206-328d-9978-3c5a7227a922',
        '07500900-f1ee-36f3-9c73-d1c95a23e8d7'),
       ('4d56c673-e310-3c8e-885b-2874610c98a8',
        '0970d578-749a-33a2-ba49-b3fe88734882'),
       ('94f44e01-b00c-3a4b-be2f-6219ac397c45',
        '09c44393-90a4-35f3-bb1f-ada382282b98'),
       ('ce18cf83-4910-3357-acc7-07f3593b64c3',
        '0bb98d1f-934c-3186-a69e-585bd5ae3933'),
       ('e15bffbd-aea0-3914-8a75-d013cf067061',
        '0d1d2993-bb79-3f90-b6f2-0796f416b3d0'),
       ('f64917ce-c206-328d-9978-3c5a7227a922',
        '0d2ac635-51f6-3160-8b56-1531c7b1d783'),
       ('4d56c673-e310-3c8e-885b-2874610c98a8',
        '0e878a66-d547-3ccc-bb87-ad0d1809180f'),
       ('94f44e01-b00c-3a4b-be2f-6219ac397c45',
        '1050abd6-8d78-3df5-a90c-94cffb6bd88c'),
       ('ce18cf83-4910-3357-acc7-07f3593b64c3',
        '106db8e4-c2f4-3c57-90c5-d8fc2616c6a9'),
       ('e15bffbd-aea0-3914-8a75-d013cf067061',
        '1514e88f-338e-3229-9b5b-479404dfa4c3'),
       ('f64917ce-c206-328d-9978-3c5a7227a922',
        '152daa74-c949-3fc3-9a0e-be5285674d09'),
       ('4d56c673-e310-3c8e-885b-2874610c98a8',
        '15660c8b-59e7-3ce3-922a-d824c58e6433'),
       ('94f44e01-b00c-3a4b-be2f-6219ac397c45',
        '15893a47-0aec-3d7e-8bac-e4ca99a796b1'),
       ('ce18cf83-4910-3357-acc7-07f3593b64c3',
        '19fcdf1b-6d2a-36b8-9f11-2f6a10f8fa96'),
       ('e15bffbd-aea0-3914-8a75-d013cf067061',
        '1b63a633-7e95-330d-ac0a-fbab2d267da0'),
       ('f64917ce-c206-328d-9978-3c5a7227a922',
        '1c69a043-6d97-362b-b2e5-25da0779043f'),
       ('4d56c673-e310-3c8e-885b-2874610c98a8',
        '1c9ac3e5-f470-3943-a16b-3d79df47f903'),
       ('94f44e01-b00c-3a4b-be2f-6219ac397c45',
        '1d7189aa-31eb-39e5-8c41-94ad4e4184ad'),
       ('ce18cf83-4910-3357-acc7-07f3593b64c3',
        '200ddcc8-95dc-3725-9d57-992b2f14352b'),
       ('e15bffbd-aea0-3914-8a75-d013cf067061',
        '204758c6-ccac-32a1-a28a-16ef150d895f'),
       ('f64917ce-c206-328d-9978-3c5a7227a922',
        '25634565-11b1-371b-9fd0-6d6b2e7d56aa'),
       ('4d56c673-e310-3c8e-885b-2874610c98a8',
        '2603c747-709d-3d6e-b108-c9a1ad6cf609'),
       ('94f44e01-b00c-3a4b-be2f-6219ac397c45',
        '260b0fed-b7fc-3a8d-9a83-6a90a1679445'),
       ('ce18cf83-4910-3357-acc7-07f3593b64c3',
        '2897f36f-0acd-3f3c-a62b-cfb2be3008e9'),
       ('e15bffbd-aea0-3914-8a75-d013cf067061',
        '2af38b8e-9272-3845-8c1f-b6f075b6070f'),
       ('f64917ce-c206-328d-9978-3c5a7227a922',
        '2d70e2b3-172f-3cbf-8bb0-007a6c3b01af'),
       ('4d56c673-e310-3c8e-885b-2874610c98a8',
        '2e131d92-db47-31c4-a01f-1526934a327b'),
       ('94f44e01-b00c-3a4b-be2f-6219ac397c45',
        '3054c62d-fcff-3b77-a561-99db32e07123'),
       ('ce18cf83-4910-3357-acc7-07f3593b64c3',
        '31c46323-f182-3778-9f97-01a9361d2302'),
       ('e15bffbd-aea0-3914-8a75-d013cf067061',
        '352eb387-54ae-3239-a3c1-7869e07aacc0'),
       ('f64917ce-c206-328d-9978-3c5a7227a922',
        '37ef5659-abb4-33f8-bcbf-4c2660188486'),
       ('4d56c673-e310-3c8e-885b-2874610c98a8',
        '38c00a1d-52e9-3f8b-985d-5e76ae6006ad'),
       ('94f44e01-b00c-3a4b-be2f-6219ac397c45',
        '391351f3-af61-3872-9949-dd57d47b7555'),
       ('ce18cf83-4910-3357-acc7-07f3593b64c3',
        '3dadfb39-6497-349d-8731-665e627ca63e'),
       ('e15bffbd-aea0-3914-8a75-d013cf067061',
        '3e0bb9e0-0799-352b-8a5a-d5b777208bc5'),
       ('f64917ce-c206-328d-9978-3c5a7227a922',
        '3efab38b-8eb6-352a-bcbe-c20a4bf9cac3'),
       ('4d56c673-e310-3c8e-885b-2874610c98a8',
        '3fc1e544-5db8-3e69-bdfe-3061e6f439e5'),
       ('94f44e01-b00c-3a4b-be2f-6219ac397c45',
        '40dae122-466a-3355-967c-713ae4e9bf71'),
       ('ce18cf83-4910-3357-acc7-07f3593b64c3',
        '41a05393-1c8e-3935-8cac-1978c8d301fc'),
       ('e15bffbd-aea0-3914-8a75-d013cf067061',
        '425bce9a-ce58-3d9a-a714-7f311ab0a746'),
       ('f64917ce-c206-328d-9978-3c5a7227a922',
        '4392547d-98ff-3b66-aedf-e65697279d46'),
       ('4d56c673-e310-3c8e-885b-2874610c98a8',
        '4490f4f4-2b79-3529-bd96-946a2eb3390d'),
       ('94f44e01-b00c-3a4b-be2f-6219ac397c45',
        '46f259ec-9a8b-351b-9bb9-92566ccce118'),
       ('ce18cf83-4910-3357-acc7-07f3593b64c3',
        '4a401d1e-2f5f-3b5c-b84e-4b8aec6f9246'),
       ('e15bffbd-aea0-3914-8a75-d013cf067061',
        '4cc89c2b-9a0e-39aa-a824-c633100e09ec'),
       ('f64917ce-c206-328d-9978-3c5a7227a922',
        '4f18f607-2e53-3865-b0a5-ea00ba9a3874');
